<wpml-config>
	<admin-texts>
		<key name="theme_mods_real-home">
			<key name="real_home_social_icons">
				<key name="*"/>
			</key>
			<key name="real_home_header_button_text" />
			<key name="real_home_header_button_url" />
			<key name="real_home_header_account_login_text" />
			<key name="real_home_header_account_login_url" />
			<key name="real_home_header_account_logout_text" />
			<key name="real_home_header_account_logout_url" />
			<key name="real_home_header_search_icon_placeholder" />
			<key name="real_home_header_html_text" />
			<key name="real_home_footer_copyright_text" />
			<key name="real_home_footer_button_text" />
			<key name="real_home_footer_button_url" />
			<key name="real_home_footer_html_text" />
			<key name="real_home_front_page_featured_properties_section_heading" />
			<key name="real_home_front_page_property_locations_section_heading" />
			<key name="real_home_front_page_property_locations_view_all_btn_link" />
			<key name="real_home_front_page_services_section_heading" />
			<key name="real_home_front_page_news_blog_section_heading" />
			<key name="real_home_front_page_clients_logo_section_heading" />
			<key name="real_home_front_page_clients_logo_lists">
				<key name="*"/>
			</key>
			<key name="real_home_404_error_image" />
		</key>
	</admin-texts>
</wpml-config>
